Product Name,Processor Type,RAM,Storage,Display,Price
Lenovo IdeaPad D330 10IGL Intel CDC N4020 4GB RAM 128GB eMMC 10.1 Inch HD IPS Touch Display Mineral Grey Laptop,Intel Celeron,4GB,128GB eMMC,10.1,"34,500 "
HP 15s-eq1578AU AMD Athlon Silver 3050U 8GB  256GB SSD 15.6 Inch FHD Display Silver Laptop,AMD Athlon,8GB,256GB SSD,15.6,"46,500 48,900 "
"Acer Aspire 3 A315-510P-38RH (13th Gen Standard) Intel Core i3 N305 8GB RAM, 512GB SSD 15.6 Inch FHD Display Pure Silver Laptop",Core i3,8GB,512GB SSD,15.6,"49,800 53,000 "
Lenovo IdeaPad 1 15ADA7 AMD Ryzen 3 3250U 8GB RAM 512GB SSD 15.6 Inch FHD Display Cloud Grey Laptop,Ryzen 3,8GB,512GB SSD,15.6,"49,900 "
Lenovo IdeaPad Slim 3i 15ITL 11th Gen Intel Core i3 1115G4 4GB RAM 256GB SSD 15.6 Inch FHD Display Arctic Grey Laptop,Core i3,4GB,256GB SSD,15.6,"51,400 "
Acer Aspire 3 A315-24P AMD Ryzen 3 7320U 8GB RAM 512GB SSD 15.6 Inch FHD Display Pure Silver Laptop#UN.KDESI.027,Ryzen 3,8GB,512GB SSD,15.6,"53,000 "
Lenovo IdeaPad 1 15AMN7 AMD Ryzen 3 7320U 8GB RAM 512GB SSD 15.6 Inch FHD Display Sand Laptop,Ryzen 3,8GB,512GB SSD,15.6,"53,400 "
HP 15s-fq5486TU Intel Core i3 1215U 4GB RAM 256GB SSD 15.6 Inch FHD Display Black Laptop,Core i3,4GB,256GB SSD,15.6,"56,500 "
Acer Aspire 3 A315-59-390P Intel Core i3 1215U 8GB RAM 512GB SSD 15.6 Inch FHD Display Pure Silver Laptop,Core i3,8GB,512GB SSD,15.6,"57,000 "
"Acer Aspire 3 A315-59-332B Intel Core i3 1215U 8GB RAM, 512GB SSD 15.6 Inch FHD Display Pure Silver Laptop #NX.K6TSI.00H/UN.K6TSI.024",Core i3,8GB,512GB SSD,15.6,"57,500 "
Huawei MateBook D 15 Intel Core i3 1115G4 8GB RAM 256GB SSD 15.6 Inch FHD Display Silver Laptop,Core i3,8GB,256GB SSD,15.6,"60,500 "
Dell Inspiron 15 3520 Intel Core i3 1215U 8GB RAM 512GB SSD 15.6 Inch FHD Display Platinum Silver Laptop,Core i3,8GB,512GB SSD,15.6,"60,500 "
Acer Aspire Lite AL15-41 AMD Ryzen 5 5500U 8GB RAM 512GB SSD 15.6 Inch FHD Display Titanium Gray Laptop,Ryzen 5,8GB,512GB SSD,15.6,"61,000 64,500 "
Acer Aspire 5 5P-A515-58P Intel Core i3 1305U 8GB RAM 512GB SSD 15.6 Inch FHD Display Steel Gray Laptop,Core i3,8GB,512GB SSD,15.6,"61,500 "
Acer Aspire Lite AL15-51 Intel Core i5 1155G7 8GB RAM 512GB SSD 15.6 Inch FHD Display Titanium Gray Laptop,Core i5,8GB,512GB SSD,15.6,"61,500 65,300 "
Asus VivoBook 15 X1500EA Intel Core i3 1115G4 8GB RAM 1TB HDD 15.6 Inch FHD WV Display Indie Black Laptop,Core i3,8GB,1TB HDD,15.6,"62,800 "
HP 15s-fq5786TU Intel Core i3 1215U 8GB RAM 512GB SSD 15.6 Inch FHD Display Silver Laptop,Core i3,8GB,512GB SSD,15.6,"63,500 "
Asus VivoBook 15 X1502ZA Intel Core i3 1215U 4GB RAM 256GB SSD 15.6 Inch FHD Display Terra Cotta Laptop,Core i3,4GB,256GB SSD,15.6,"63,900 "
Asus X515EA Intel Core i5 1135G7 4GB RAM 1TB HDD 15.6 Inch FHD Display Peacock Blue Laptop,Core i5,4GB,1TB HDD,15.6,"68,500 "
Asus X515EA Intel Core i5 1135G7 4GB RAM 1TB HDD 15.6 Inch FHD Display Slate Grey Laptop #EJ2460W-X515EA,Core i5,4GB,1TB HDD,15.6,"68,500 "
Acer Aspire 3 A315-59-5031 Intel Core i5 1235U 8GB RAM 512GB SSD 15.6 Inch FHD Display Pure Silver Laptop,Core i5,8GB,512GB SSD,15.6,"71,500 "
Dell Latitude 15-3520 Intel Core i5 1135G7 8GB RAM 256GB SSD 15.6 Inch HD Display Black Laptop,Core i5,8GB,256GB SSD,15.6,"73,500 "
Huawei MateBook D 15 Intel Core i5 1135G7 8GB RAM 512GB SSD 15.6 Inch FHD Display Silver Laptop,Core i5,8GB,512GB SSD,15.6,"76,000 "
Huawei MateBook B3-520 Intel Core i5 1135G7 8GB RAM 512GB SSD 15.6 Inch FHD Display Space Gray Laptop,Core i5,8GB,512GB SSD,15.6,"76,000 "
"Acer Swift Go 14 SFG14-41-R5RB AMD Ryzen 5 7530U 8GB RAM, 512GB SSD 14 Inch FHD Display Pure Silver Laptop",Ryzen 5,8GB,512GB SSD,14,"77,000 "
Acer TravelMate P214-53-72WA Intel Core i7 1165G7 8GB RAM 512GB SSD 14 Inch FHD Display Shale Black Laptop,Core i7,8GB,512GB SSD,14,"82,500 "
Lenovo IdeaPad Slim 3 15ABR8 AMD Ryzen 7 7730U 8GB RAM 512GB SSD 15.6 Inch FHD Antiglare IPS Display Arctic Grey Laptop,Ryzen 7,8GB,512GB SSD,15.6,"83,000 88,000 "
Lenovo IdeaPad Slim 3i 15ITL6 Intel Core i7 1165G7 8GB RAM 512GB SSD 15.6 Inch FHD Antiglare Display Arctic Grey Laptop #82H803EUIN-2Y,Core i7,8GB,512GB SSD,15.6,"88,000 "
Dell Inspiron 15 3525 AMD Ryzen 7 5825U 8GB RAM 512GB SSD 15.6 Inch FHD Display Platinum Silver Laptop,Ryzen 7,8GB,512GB SSD,15.6,"88,500 "
MSI Modern 15 A11MU Intel Core i7 1195G7 8GB RAM 512GB SSD 15.6 Inch FHD Display Carbon Gray Laptop,Core i7,8GB,512GB SSD,15.6,"89,500 "
MSI Modern 14 C11M Intel Core i7 1195G7 8GB RAM 512GB SSD 14 Inch FHD Display Classic Black Laptop,Core i7,8GB,512GB SSD,14,"95,000 "
Lenovo IdeaPad Slim 3i 15ITL6 Intel Core i7 1165G7 8GB RAM 512GB SSD 15.6 Inch FHD Antiglare LED Display Abyss Blue Laptop,Core i7,8GB,512GB SSD,15.6,"95,500 "
"Acer Aspire 5 5M-A515-58GM Intel Core i5 1335U 16GB RAM, 512GB SSD 15.6 Inch FHD IPS Display Steel Gray Gaming Laptop",Core i5,16GB,512GB SSD,15.6,"99,500 "
"Acer Swift Go 14 SFG14-71-557P Intel Core i5 13500H 16GB RAM, 512GB SSD 14 Inch 2.8K OLED WQHD Display Sunshiny Gold Laptop",Core i5,16GB,512GB SSD,14,"119,000 "
Gigabyte Gaming G5 KE Intel Core i5 12500H 8GB RAM 512GB SSD 15.6 Inch FHD Display Matte Black Gaming Laptop,Core i5,8GB,512GB SSD,15.6,"146,000 "
Lenovo IdeaPad Gaming 3i 15IHU Intel Core i7 11370H 16GB RAM 1TB HDD + 256GB SSD 15.6 Inch FHD Display Shadow Black Gaming Laptop #82K100WFIN-3Y,Core i7,16GB,1TB HDD+256GB SSD,15.6,"118,000 "
Chuwi HeroBook Pro Intel CDC N4020 8GB RAM 256GB SSD 14.1 Inch FHD Display Grey Laptop,Intel Celeron,8GB,256GB SSD,14,"28,800 "
Chuwi GemiBook XPro Intel Core N100 8GB RAM 256GB SSD 14.1 Inch FHD Display Grey Laptop,Intel Celeron,8GB,256GB SSD,14,"34,900 "
Lenovo IdeaPad Slim 3i 15IGL Intel CDC N4020 4GB RAM 1TB HDD 15.6 Inch HD Display Platinum Grey Laptop,Core N100,4GB,1TB HDD,15.6,"35,000 "
Chuwi GemiBook Plus Intel Core N100 8GB RAM 256GB SSD 15.6 Inch FHD Display Grey Laptop,Intel Celeron,8GB,256GB SSD,15.6,"35,900 "
Lenovo IdeaPad Slim 3i 15IGL Intel CDC N4020 4GB RAM 1TB HDD 15.6 Inch HD Antiglare Display Platinum Grey Laptop,Intel Celeron,4GB,1TB HDD,15.6,"36,000 "
Asus 15 P1511CMA Intel CDC N4020 4GB RAM 1TB HDD 15.6 Inch HD Display Slate Grey Laptop (Carry bag not included),Intel Celeron,4GB,1TB HDD,15.6,"37,500 "
HP 250 G8 Intel CDC N4020 4GB RAM 1TB HDD 15.6 Inch FHD Display Dark Ash Silver Laptop,Intel Celeron,4GB,1TB HDD,15.6,"38,500 "
Asus X415KA Intel CDC N4500 4GB RAM 1TB HDD 14 Inch FHD Display Slate Grey Laptop,Intel Celeron,4GB,1TB HDD,14,"39,500 "
Asus X515MA Intel CDC N4020 4GB RAM 1TB HDD 15.6 Inch FHD Display Transparent Silver Laptop #BQ675W-X515MA,Intel Celeron,4GB,1TB HDD,15.6,"40,500 "
Asus X515KA Intel CDC N4500 4GB RAM 1TB HDD 15.6 Inch FHD Display Transparent Silver Laptop,Intel Celeron,4GB,1TB HDD,15.6,"40,500 "
Asus X515KA Intel CDC N4500 4GB RAM 1TB HDD 15.6 Inch FHD Display Slate Grey Laptop,Intel Celeron,4GB,1TB HDD,15.6,"40,500 "
Asus X515MA Intel CDC N4020 4GB RAM 1TB HDD 15.6 Inch FHD Display Slate Grey Laptop,Intel Celeron,4GB,1TB HDD,15.6,"43,500 "
Asus VivoBook 14 E410MA Intel CDC N4020 4GB RAM 256GB SSD 14 Inch HD Display Blue Laptop,Core i3,4GB,256GB SSD,14,"44,000 "
Acer Extensa 15 EX215-54-34SE Intel Core i3 1115G4 4GB RAM 1TB HDD 15.6 Inch FHD Display Charcoal Black Laptop,Ryzen 3,4GB,1TB HDD,15.6,"46,500 "
Asus D415DA AMD Ryzen 3 3250U 4GB RAM 1TB HDD 14 Inch HD Display Slate Grey Laptop,Ryzen 3,4GB,1TB HDD,14,"46,500 "
Asus M515DA AMD Ryzen 3 3250U 4GB RAM 1TB HDD 15.6 Inch HD Display Slate Grey Laptop,Intel Celeron,4GB,1TB HDD,15.6,"46,500 "
Asus E510MA Intel CDC N4020 4GB RAM 512GB SSD 15.6 Inch FHD Display Star Black Laptop #EJ601W-E510MA,Ryzen 3,4GB,512GB SSD,15.6,"47,000 "
"Asus D415DA AMD Ryzen 3 3250U 8GB RAM 1TB HDD 14 Inch HD Display, Slate Grey Laptop",Ryzen 3,8GB,1TB HDD,14,"47,900 "
Chuwi MiniBook X 2 in 1 Intel Core N100 12GB RAM 512GB SSD 10.5 Inch FHD+ WUXGA Touch Display Grey Laptop,Ryzen 3,12GB,512GB SSD,10.5,"47,900 "
Asus D515DA AMD Ryzen 3 3250U 4GB RAM 512GB SSD 15.6 Inch FHD Display Slate Grey Laptop #EJ1325W-D515DA,Core i5,4GB,512GB SSD,15.6,"48,900 "
Asus D515DA AMD Ryzen 3 3250U 4GB RAM 512GB SSD 15.6 Inch FHD Display Slate Grey Laptop #D515DA-EJ1576W,Core i3,4GB,512GB SSD,15.6,"48,900 "
Chuwi UBook X 2 in 1 Intel Core i5 10210Y 8GB RAM 256GB SSD 12 Inch 2K Touch Display Grey Laptop,Ryzen 3,8GB,256GB SSD,12,"49,900 "
Lenovo IdeaPad Slim 3i 15ITL6 Core i3 1115G4 4GB RAM 1TB HDD 15.6 Inch FHD Display Arctic Grey Laptop,Core i3,4GB,1TB HDD,15.6,"52,900 "
Lenovo IdeaPad 1 15AMN7 AMD Ryzen 3 7320U 8GB RAM 512GB SSD 15.6 Inch FHD Display Cloud Grey Laptop,Core i3,8GB,512GB SSD,15.6,"53,400 "
Acer Aspire 3 A315-510P (13th Gen Standard) Intel Core i3 N305 8GB RAM 512GB SSD 15.6 Inch FHD Display Pure Silver Laptop,Core i3,8GB,512GB SSD,15.6,"54,000 "
HP 15s-du3611TU Intel Core i3 1125G4 4GB RAM 1TB HDD 15.6 Inch FHD Display Jet Black Laptop,Ryzen 3,4GB,1TB HDD,15.6,"55,500 "
MSI Modern 14 C11M Intel Core i3 1115G4 8GB RAM 512GB SSD 14 Inch FHD Display Classic Black Laptop#9S7-14J312-242,Core i3,8GB,512GB SSD,14,"56,000 "
"Dell Inspiron 15 3535 AMD Ryzen 3 7320U 8GB RAM, 256GB SSD 15.6 Inch FHD Display Carbon Black Laptop",Core i3,8GB,256GB SSD,15.6,"56,000 "
HP 250 G8 Intel Core i3 1115G4 4GB RAM 1TB HDD 15.6 Inch FHD Display Ash Silver Laptop,Core i3,4GB,1TB HDD,15.6,"56,500 "
"Lenovo IdeaPad Slim 3i 14IAU7 Intel Core i3 1215U 8GB RAM, 256GB SSD 14 Inch FHD Display Misty Blue Laptop",Core i3,8GB,256GB SSD,14,"56,500 "
Lenovo IdeaPad Slim 3i 14ITL Intel Core i3 1115G4 8GB RAM 256GB SSD 14 Inch FHD Display Arctic Grey Laptop,Core i3,8GB,256GB SSD,14,"56,900 "
Asus ExpertBook P2451FA Intel Core i3 10110U 4GB RAM 1TB HDD 14 Inch FHD Display Star Black Laptop,Core i3,4GB,1TB HDD,14,"57,000 "
HP 240 G8 Intel Core i3 1115G4 8GB RAM 1TB HDD 14 Inch FHD Display Ash Laptop,Core i3,8GB,1TB HDD,14,"57,500 "
HP 250 G8 Intel Core i3 1115G4 8GB RAM 1TB HDD 15.6 Inch FHD Display Silver Laptop,Core i3,8GB,1TB HDD,15.6,"57,500 "
Lenovo IdeaPad Slim 3i 15ITL6 Intel Core i3 1115G4 8GB RAM 512GB SSD 15.6 Inch FHD Display Arctic Grey Laptop,Ryzen 3,8GB,512GB SSD,15.6,"57,500 "
Lenovo IdeaPad Slim 3i 14ITL6 Intel Core i3 1115G4 8GB RAM 512GB SSD 14 Inch FHD Display Arctic Grey Laptop,Ryzen 5,8GB,512GB SSD,14,"57,500 "
HP 255 G8 AMD Ryzen 3 5300U 8GB RAM 1TB HDD 15.6 Inch FHD Display Dark Ash Silver Laptop,Core i5,8GB,1TB HDD,15.6,"57,500 "
Acer Aspire 3 A315-24P AMD Ryzen 5 7520U 8GB RAM 15.6 Inch FHD Display Pure Silver Laptop,Core i5,8GB,512GB SSD,15.6,"58,000 "
"Infinix INBOOK Y2 Plus Intel Core i5 1155G7 8GB RAM, 512GB SSD 15.6 Inch FHD Display Silver Laptop",Core i3,8GB,512GB SSD,15.6,"58,990 "
"Infinix INBOOK Y2 Plus Intel Core i5 1155G7 8GB RAM, 512GB SSD 15.6 Inch FHD Display Grey Laptop",Core i3,8GB,512GB SSD,15.6,"58,990 "
Lenovo V15 Gen 3 Intel Core i3 1215U 8GB RAM 512GB SSD 15.6 Inch FHD Display Iron Grey Laptop,Core i3,8GB,512GB SSD,15.6,"59,500 "
"Lenovo IdeaPad Slim 3i 14IAU7 Intel Core i3 1215U 8GB RAM, 512GB SSD 14 Inch FHD Display Arctic Grey Laptop",Core i3,8GB,512GB SSD,14,"59,500 "
"Lenovo IdeaPad Slim 3i 15IAU7 Intel Core i3 1215U 8GB RAM, 512GB SSD 15.6 Inch FHD Display Abyss Blue Laptop",Core i3,8GB,512GB SSD,15.6,"59,500 "
Dell Inspiron 15 3520 Intel Core i3 1215U 8GB RAM 512GB SSD 15.6 Inch FHD Display Carbon Black Laptop,Core i3,8GB,512GB SSD,15.6,"60,500 "
Lenovo IdeaPad Slim 3i 14ITL6 Intel Core i3 1115G4 8GB RAM 512GB SSD 14 Inch FHD Antiglare Display Arctic Grey Laptop,Core i3,8GB,512GB SSD,14,"61,000 "
Chuwi CoreBook XPro Intel Core i3 1215U 16GB RAM 512GB SSD 15.6 Inch FHD Display Grey Laptop,Core i3,16GB,512GB SSD,15.6,"61,000 "
"Asus VivoBook 15 X1500EA Intel Core i3 1115G4 8GB RAM, 1TB HDD + 256GB SSD 15.6 Inch FHD Display Indie Black Laptop",Core i5,8GB,1TB HDD+256GB SSD,15.6,"61,800 "
Asus VivoBook 15 K513EA Intel Core i3 1115G4 4GB RAM 512GB SSD 15.6 Inch FHD OLED Display Hearty Gold Laptop,Ryzen 3,4GB,512GB SSD,15.6,"61,900 "
Infinix INBOOK X2 Intel Core i5 1155G7 8GB RAM 512GB SSD14 Inch FHD Display Grey Laptop,Core i5,8GB,512GB SSD,14,"61,990 "
"Asus VivoBook Go 15 E1504FA AMD Ryzen 3 7320U 8GB RAM, 512GB SSD 15.6 Inch FHD LED Display Mixed Black Laptop",Core i5,8GB,512GB SSD,15.6,"62,000 "
"Avita LIBER V14 Intel Core i5 1135G7 8GB RAM, 512GB SSD 14 Inch FHD Display Soft Lavender Laptop",Core i5,8GB,512GB SSD,14,"62,000 "
"Avita LIBER V14 Intel Core i5 1135G7 8GB RAM, 512GB SSD 14 Inch FHD Display Infinite Black Laptop",Core i5,8GB,512GB SSD,14,"62,000 "
"Avita LIBER V14 Intel Core i5 1135G7 8GB RAM, 512GB SSD 14 Inch FHD Display Star Silver Laptop",Core i5,8GB,512GB SSD,14,"62,000 "
"Avita LIBER V14 Intel Core i5 1135G7  8GBRAM, 512GB SSD 14 Inch FHD Display Anchor Grey Laptop",Core i5,8GB,512GB SSD,14,"62,000 "
"Avita LIBER V14 Intel Core i5 1135G7 8GB RAM, 512GB SSD 14 Inch FHD Display Golden Matt Black Laptop",Core i5,8GB,512GB SSD,14,"62,000 "
"Avita LIBER V14 Intel Core i5 1135G7 8GB RAM, 512GB SSD 14 Inch FHD Display Flowers on Yellow Laptop",Core i5,8GB,512GB SSD,14,"62,000 "
"Avita LIBER V14 Intel Core i5 1135G7 8GB RAM, 512GB SSD 14 Inch FHD Display Paisley on Lilac Laptop",Core i5,8GB,512GB SSD,14,"62,000 "
"Avita LIBER V14 Intel Core i5 1135G7 8GB RAM, 512GB SSD 14 Inch FHD Display Snowflakes on Azure Blue Laptop",Core i5,8GB,512GB SSD,14,"62,000 "
"Avita LIBER V14 Intel Core i5 1135G7 8GB RAM, 512GB SSD 14 Inch FHD Display Snowflakes on Mountain Blue Laptop",Core i3,8GB,512GB SSD,14,"62,000 "
"Avita LIBER V14 Intel Core i5 1135G7 8GB RAM, 512GB SSD 14 Inch FHD Display Iris on Ruby Laptop",Core i3,8GB,512GB SSD,14,"62,000 "
"Acer TravelMate P214-54 Intel Core i3 1215U 8GB DDR4, 1TB HDD 14 Inch FHD IPS Display Black Laptop",Core i3,8GB,1TB HDD,14,"62,500 "
Asus VivoBook 15 X1500EA Intel Core i3 1115G4 8GB RAM 512GB SSD 15.6 Inch FHD WV Display Indie Black Laptop,Core i3,8GB,512GB SSD,15.6,"62,800 "
HP ProBook 450 G8 Intel Core i3 1115G4 8GB RAM 256GB SSD 15.6 Inch HD Display Pike Silver Laptop#1A890AV,Core i3,8GB,256GB SSD,15.6,"63,000 "
MSI Modern 14 C12MO Intel Core i3 1215U 16GB RAM 512GB SSD14 Inch FHD Display Classic Black Laptop,Core i3,16GB,512GB SSD,14,"63,000 "
MSI Modern 14 C12MO Intel Core i3 1215U 16GB RAM 512GB SSD 14 Inch FHD Display Urban Silver Laptop,Core i3,16GB,512GB SSD,14,"63,000 "
"Asus VivoBook 15 X1502ZA Intel Core i3 1215U 8GB RAM, 512GB SSD 15.6 Inch FHD Display Quiet Blue Laptop",Core i3,8GB,512GB SSD,15.6,"63,500 "
"Asus VivoBook S15 S513EA Intel Core i3 1115G4 8GB RAM, 512GB SSD 15.6 Inch FHD OLED Display Indie Black Laptop",Core i5,8GB,512GB SSD,15.6,"63,800 "
Lenovo IdeaPad Slim 3i 15IAU7 Intel Core i3 1215U 8GB RAM 512GB SSD 15.6 Inch FHD Display Abyss Blue Laptop,Core i3,8GB,512GB SSD,15.6,"64,000 "
Acer TravelMate P214-53 Intel Core i5 1135G7 8GB RAM 1TB HDD 14 Inch FHD Display Black Laptop,Core i3,8GB,1TB HDD,14,"65,500 "
"Asus VivoBook 15 X1502ZA Intel Core i3 1215U 8GB RAM, 256GB SSD 15.6 Inch FHD Display Terra Cotta Laptop",Core i5,8GB,256GB SSD,15.6,"66,500 "
"Lenovo IdeaPad Slim 3i 15IRU8 Intel Core i3 1305U 8GB RAM, 512GB SSD 15.6 Inch FHD Display Arctic Grey Laptop",Core i5,8GB,512GB SSD,15.6,"68,000 "
Asus X515EA Intel Core i5 1135G7 4GB RAM 1TB HDD 15.6 Inch FHD Display Slate Grey Laptop,Core i5,4GB,1TB HDD,15.6,"68,500 "
HP 240 G8 Intel Core i5 1135G7 8GB RAM 1TB HDD 14 Inch FHD Display Ash Laptop,Core i3,8GB,1TB HDD,14,"68,500 "
Asus X515EA Intel Core i5 1135G7 4GB RAM 1TB HDD 15.6 Inch FHD WV Display Peacock Blue Laptop,Core i3,4GB,1TB,15.6,"68,500 "
Asus VivoBook S15 S513EA Intel Core i3 1115G4 4GB RAM 512GB SSD 15.6 Inch FHD OLED Display Indie Black Laptop,Core i3,4GB,512GB SSD,15.6,"69,000 "
Asus VivoBook 15 X1502ZA Intel Core i3 1220P 4GB RAM 512GB SSD 15.6 Inch FHD WV Display Quiet Blue Laptop,Core i3,4GB,512GB SSD,15.6,"69,800 "
ASUS Vivobook 15 X1504VA Intel Core i3 1315U 8GB RAM 256GB SSD 15.6 Inch FHD Display Quiet Blue Laptop,Ryzen 5,8GB,256GB SSD,15.6,"70,500 "
Lenovo IdeaPad Slim 3i 14IRU8 Intel Core i3 1305U 8GB RAM 512GB SSD 14 Inch FHD IPS Display Arctic Grey Laptop,Ryzen 5,8GB,512GB SSD,14,"70,500 "
Lenovo IdeaPad Slim 3 15ABR8 AMD Ryzen 5 7530U 8GB RAM 512GB SSD 15.6 Inch FHD Antiglare IPS Display Arctic Grey Laptop,Core i3,8GB,512GB SSD,15.6,"71,000 "
Lenovo IdeaPad Slim 3 15ABR8 AMD Ryzen 5 7530U 8GB RAM 512GB SSD 15.6 Inch FHD Antiglare IPS Display Abyss Blue Laptop,Core i3,8GB,512GB SSD,15.6,"71,000 "
Asus VivoBook 14 X1402ZA Intel Core i3 1220P 8GB RAM 512GB SSD 14 Inch FHD Display Terra Cotta Laptop,Ryzen 5,8GB,512GB SSD,14,"71,500 "
"Asus VivoBook 16 X1605ZA Intel Core i3 1215U 8GB RAM, 512GB SSD 16 Inch WUXGA Display Indie Black Laptop",Ryzen 5,8GB,512GB SSD,16,"72,000 "
"MSI Modern 15 B7M AMD Ryzen 5 7530U 8GB RAM, 512GB SSD, 15.6 Inch FHD IPS Display Classic Black Laptop with MSI Backpack",Ryzen 5,8GB,512GB SSD,15.6,"72,500 "
HP 15s-eq3619AU AMD Ryzen 5 5625U 8GB RAM 512GB SSD 15.6 Inch FHD Display Spruce Blue Laptop,Core i5,8GB,512GB SSD,15.6,"73,200 "
Asus VivoBook 15 M1502IA AMD Ryzen 5 4600H 8GB RAM 512GB SSD 15.6 Inch FHD Display Quiet Blue Laptop,Ryzen 5,8GB,512GB SSD,15.6,"74,000 "
Dell Latitude 15-3520 Intel Core i5 1135G7 8GB RAM 500GB SSD 15.6 Inch HD Display Black Laptop,Core i5,8GB,500GB SSD,15.6,"74,500 "
"MSI Modern 15 B7M AMD Ryzen 5 7530U 16GB RAM, 512GB SSD, 15.6 Inch FHD IPS Display Classic Black Laptop with MSI Backpack",Core i5,16GB,512GB SSD,15.6,"75,000 "
Lenovo IdeaPad Slim 3i 14IAU7 Core i5 1235U 8GB RAM 256GB SSD 14 Inch FHD Display Arctic Grey Laptop,Core i5,8GB,256GB SSD,14,"75,500 "
Dell Latitude 15-3520 Intel Core i5 1145G7 8GB RAM 256GB SSD 15.6 Inch HD Display Black Laptop,Ryzen 7,8GB,256GB SSD,15.6,"76,800 "
"HP 240 G8 11th Gen Intel Core i5 1135G7 8GB RAM, 512GB SSD 14 Inch FHD Display Ash Silver Laptop",Core i5,8GB,512GB SSD,14,"77,000 "
Lenovo IdeaPad 3 15ALC6 Ryzen 7 5700U 16GB RAM 512GB SSD 15.6 Inch FHD IPS Display Arctic Grey Laptop,Core i5,16GB,512GB SSD,15.6,"78,000 "
Dell Inspiron 15 3520 Intel Core i5 1235U 8GB RAM 512GB SSD 15.6 Inch FHD Display Platinum Silver Laptop#WARMLKN15ADL23051010PLASPP,Core i5,8GB,512GB SSD,15.6,"78,500 "
Dell Inspiron 15 3520 Intel Core i5 1235U 8GB RAM 512GB SSD 15.6 Inch FHD Display Carbon Black Laptop,Core i5,8GB,512GB SSD,15.6,"78,500 "
"Acer TravelMate P214-54 Intel Core i5 1235U 8GB RAM, 512GB SSD 14 Inch FHD IPS Display Black Laptop",Ryzen 5,8GB,512GB SSD,14,"78,500 "
"Asus VivoBook 15 X1502ZA Intel Core i5 1235U 8GB RAM, 512GB SSD 15.6 Inch FHD Display Quiet Blue Laptop",Core i7,8GB,512GB SSD,15.6,"79,500 "
"Asus VivoBook 14 M1405YA AMD Ryzen 5 7530U 8GBRAM, 512GB SSD 14 Inch WUXGA Display Indie Black Laptop",Ryzen 5,8GB,512GB SSD,14,"80,000 "
"Lenovo IdeaPad Slim 3i 15ITL6 Intel Core i7 1165G 8GB RAM, 512GB SSD 15.6 Inch FHD Display Arctic Grey Laptop (8GB RAM)",Core i5,8GB,512GB SSD,15.6,"80,500 "
Asus VivoBook Go 15 E1504FA AMD Ryzen 5 7520U 16GB RAM 512GB SSD 15.6 Inch FHD Display Mixed Black Laptop,Ryzen 5,16GB,512GB SSD,15.6,"81,500 "
Asus VivoBook 15 X1502ZA Intel Core i5 1235U 8GB RAM 512GB SSD 15.6 Inch FHD Display Terra Cotta Laptop,Core i5,8GB,512GB SSD,15.6,"81,500 "
Acer Aspire 7 A715-42G-R2NE AMD Ryzen 5 5500U 8GB RAM 512GB SSD 15.6 Inch FHD Display Charcoal Black Gaming Laptop,Core i5,8GB,512GB SSD,15.6,"82,500 "
"HP 15-fd0204TU Intel Core i5 1335U 8GB RAM, 512GB SSD 15.6 Inch FHD Display Silver Laptop",Core i5,8GB,512GB SSD,15.6,"82,500 "
HP 15-fd0205TU Intel Core i5 1335U 8GB RAM 512GB SSD 15.6 Inch FHD Display Moonlight Blue Laptop,Core i5,8GB,512GB SSD,15.6,"82,500 "
"HP 15-fd0202TU Intel Core i5 1335U 8GB RAM, 512GB SSD 15.6 Inch FHD Display Diamond White Laptop",Core i5,8GB,512GB SSD,15.6,"82,500 "
"MSI Modern 14 C12MO Intel Core i5 1235U 16GB RAM, 512GB SSD 14 Inch FHD IPS Display Classic Black Laptop With Bag",Ryzen 7,16GB,512GB SSD,14,"82,900 "
"MSI Modern 14 C12MO Intel Core i5 1235U 16GB RAM, 512GB SSD 14 Inch FHD IPS Display Urban Silver Laptop With Bag",Core i5,16GB,512GB SSD,14,"82,900 "
Lenovo IdeaPad Slim 3 15ABR8 AMD Ryzen 7 7730U 8GB RAM 512GB SSD 15.6 Inch FHD Antiglare IPS Display Abyss Blue Laptop,Core i5,8GB,512GB SSD,15.6,"83,000 88,000 "
Lenovo IdeaPad Slim 3i 15IAU7 Intel Core i5 1235U 8GB RAM 512GB SSD 15.6 Inch FHD Display Arctic Grey Laptop,Core i5,8GB,512GB SSD,15.6,"83,000 "
Asus ExpertBook B1 B1400CEAE Intel Core i5 1135G7 4GB RAM 1TB HDD 14 Inch FHD Display Star Black Laptop,Core i5,4GB,1TB HDD,14,"83,500 "
"MSI Modern 15 B12MO Intel Core i5 1235U 16GB DRAM, 512GB SSD 15.6 Inch FHD IPS Display Classic Black Laptop",Core i5,16GB,512GB SSD,15.6,"83,900 "
Dell Vostro 15 3510 Intel Core i5 1135G7 8GB RAM 512GB SSD 15.6 Inch FHD Display Black Laptop,Core i5,8GB,512GB SSD,15.6,"84,000 "
Acer Extensa 14 EX214-53-543W Intel Core i5 1240P 8GB RAM 512GB SSD 14 Inch FHD Display Pure Silver Laptop,Core i5,8GB,512GB SSD,14,"84,000 "
"HP 15-fd0208TU Intel Core i5 1335U 8GB RAM, 512GB SSD 15.6 Inch FHD Display Silver Laptop",Core i5,8GB,512GB SSD,15.6,"84,000 "
"HP 15-fd0210TU 13th Gen Intel Core i5 1335U 8GB RAM, 512GB SSD 15.6 Inch FHD Display Diamond White Laptop",Ryzen 7,8GB,512GB SSD,15.6,"84,000 "
Lenovo ThinkBook 15 G2 ITL Intel Core i5 1135G7 8GB RAM 512GB SSD 15.6 Inch FHD Display Mineral Grey Laptop,Core i5,8GB,512GB SSD,15.6,"85,000 "
"MSI Modern 15 B7M AMD Ryzen 7 7730U 8GB RAM, 512GB SSD, 15.6 Inch FHD IPS Display Classic Black Laptop with MSI Backpack",Core i5,8GB,512GB SSD,15.6,"85,500 "
"Lenovo IdeaPad Slim 3i 15IRH8 Intel Core i5 13420H 8GB RAM, 512GB SSD 15.6 Inch FHD Display Arctic Grey Laptop",Core i5,8GB,512GB SSD,15.6,"87,000 "
"Lenovo IdeaPad Slim 3i 15IRH8 Intel Core i5 13420H 8GB RAM, 512GB SSD 15.6 Inch FHD Display Abyss Blue Laptop",Ryzen 7,8GB,512GB SSD,15.6,"87,000 "
"Lenovo IdeaPad Slim 3i 14IRH8 Intel Core i5 13420H 8GB RAM, 512GB SSD 14 Inch FHD Display Arctic Grey Laptop",Core i7,8GB,512GB SSD,14,"87,000 "
"MSI Modern 15 B7M AMD Ryzen 7 16GB RAM, 512GB SSD, 15.6 Inch FHD IPS Display Classic Black Laptop with MSI Backpack",Core i7,16GB,512GB SSD,15.6,"87,000 "
Lenovo IdeaPad Slim 3i 14ITL6 Intel Core i7 1165G7 8GB RAM 512GB SSD 14 Inch FHD Antiglare LED Display Abyss Blue Laptop,Core i5,8GB,512GB SSD,14,"88,000 "
Lenovo IdeaPad Slim 3i 15ITL6 Intel Core i7 1165G7 8GB RAM 512GB SSD 15.6 Inch FHD Antiglare Display Arctic Grey Laptop (8GB RAM),Intel Pentium,8GB,512GB SSD,15.6,"88,000 "
Asus VivoBook S15 S513EA Intel Core i5 1135G7 8GB RAM 512GB SSD 15.6 Inch FHD OLED Display Indie Black Laptop,Ryzen 5,8GB,512GB SSD,15.6,"89,000 "
Microsoft Surface Go 3 (Wi-Fi) Intel Pentium Gold 6500Y 8GB RAM 128GB SSD 10.5 Inch PixelSense MultiTouch Display Platinum Surface Go (Type Cover is sold separately),Core i5,8GB,128GB SSD,10.5,"89,000 "
Asus VivoBook 15 M1505YA AMD Ryzen 5 7530U 8GB RAM 512GB SSD 15.6 Inch FHD OLED Display Indie Black Laptop,Ryzen 5,8GB,512GB SSD,15.6,"89,000 "
ASUS Vivobook 15 X1504VA Intel Core i5 1335U 8GB RAM 512GB SSD 15.6 Inch FHD Display Quiet Blue Laptop,Core i7,8GB,512GB SSD,15.6,"89,500 "
Asus VivoBook Flip 14 TM420UA AMD Ryzen 5 5500U 4GB RAM 512GB SSD 14 Inch FHD Touch Display Bespoke Black Laptop (Stylus Pen Included),Core i5,4GB,512GB SSD,14,"89,900 "
MSI Modern 15 B12M Intel Core i7 1255U 16GB RAM 512GB SSD 15.6 Inch FHD Display Classic Black Laptop,Core i5,16GB,512GB SSD,15.6,"89,900 "
"Acer Aspire 7 A715-76G Intel Core i5 12450H 8GB RAM 512GB SSD 15.6 Inch FHD Display, Charcoal Black Gaming Laptop",Core i5,8GB,512GB,15.6,"89,900 "
MSI Modern 14 C13M Intel Core i5 1335U 16GB RAM 512GB SSD14 Inch FHD Display Classic Black Laptop #C13M-650BD-CB51335U16GXXDX11EMH / C13M-1009BD-CB51335U16GXXDX11EMH,Core i5,16GB,512GB SSD,14,"90,900 "
Asus ExpertBook B1 B1400CBA Intel Core i5 1235U 8GB RAM 512GB SSD 14 Inch FHD Display Star Black Laptop #EB0159,Core i5,8GB,512GB SSD,14,"91,000 "
"Asus VivoBook S15 S513EA Intel Core i5 1135G7 16GB RAM, 512GB SSD 15.6 Inch FHD OLED Display Hearty Gold Laptop",Core i7,16GB,512GB SSD,15.6,"91,000 "
MSI Modern 15 B13M Intel Core i5 1335U 16GB RAM 512GB SSD 15.6 Inch FHD Display Classic Black Laptop #B13M-478BD-CB51335U16GXXDX11EMH / B13M-811BD-CB51335U16GXXDX11EMH,Core i5,16GB,512GB SSD,15.6,"91,500 "
MSI Modern 14 C12MO Intel Core i7 1255U 16GB RAM 512GB SSD 14 Inch FHD Display Classic Black Laptop,Core i5,16GB,512GB SSD,14,"91,500 "
"Asus VivoBook 15X K3504ZA Intel Core i5 1235U 16GB RAM, 512GB SSD 15.6 Inch FHD WV Display Cool Silver Laptop #K3504ZA-BQ074W",Ryzen 5,16GB,512GB SSD,15.6,"91,500 "
MSI Modern 15 B13M Intel Core i5 1335U 16GB RAM 512GB SSD 15.6 Inch FHD IPS Display Star Blue Laptop (Laptop Bag is given Separately),Core i5,16GB,512GB SSD,15.6,"91,900 "
Asus ZenBook 14 UM425UA AMD Ryzen 5 5500U 8GB RAM 512GB SSD 14 Inch FHD WV Display Pine Grey Laptop,Core i7,8GB,512GB SSD,14,"93,500 "
"HP ProBook 450 G10 Intel Core i5 1335U 8GB RAM, 512GB SSD 15.6 Inch FHD Display Silver Laptop",Core i5,8GB,512GB SSD,15.6,"93,500 "
HP 250 G8 Intel Core i7 1165G7 8GB RAM 1TB HDD + 256GB SSD 15.6 Inch FHD Display Dark Ash Silver Laptop,Core i5,8GB,1TB HDD+256GB SSD,15.6,"94,000 "
MSI GF63 Thin 12UCX Intel Core i5 12450H 8GB RAM 512GB SSD 15.6 Inch FHD IPS Display Black Gaming Laptop,Core i5,8GB,512GB SSD,15.6,"94,500 "
Asus VivoBook 15 K513EQ Intel Core i5 1135G7 8GB RAM 512GB SSD 15.6 Inch FHD OLED Display Hearty Gold Laptop,Core i5,8GB,512GB SSD,15.6,"95,000 "
Asus VivoBook S15 S513EQ Intel Core i5 1135G7 8GB RAM 512GB SSD 15.6 Inch FHD OLED Display Hearty Gold Laptop,Core i5,8GB,512GB SSD,15.6,"95,000 "
Asus VivoBook S15 S513EQ Intel Core i5 1135G7 8GB RAM 512GB SSD 15.6 Inch FHD OLED Display Indie Black Laptop,Core i5,8GB,512GB SSD,15.6,"95,000 "
Asus VivoBook S15 S513EQ Intel Core i5 1135G7 8GB RAM 512GB SSD 15.6 Inch FHD OLED Display Gold Laptop,Core i5,8GB,512GB SSD,15.6,"95,000 "
Asus VivoBook 15 K513EQ Intel Core i5 1135G7 8GB RAM 512GB SSD 15.6 Inch FHD OLED Display Hearty Gold Laptop #L1667W-K513EQ,Core i5,8GB,512GB SSD,15.6,"95,000 "
"Lenovo IdeaPad Slim 5i 14IAH8 Intel Core i5 12450H 16G RAM, 512GB SSD 14 Inch FHD+ WUXGA IPS Display Cloud Grey Laptop",Core i5,16GB,512GB SSD,14,"95,000 "
"HP ProBook 440 G10 Intel Core i5 1335U 8GB RAM, 512GB SSD 14 Inch FHD IPS Display Silver Laptop",Core i5,8GB,512GB SSD,14,"95,500 "
Acer Aspire 7 A715-76G-57W7 Intel Core i5 12450H 8GB RAM 512GB SSD 15.6 Inch FHD Display Charcoal Black Gaming Laptop,Core i5,8GB,512GB SSD,15.6,"95,900 "
Asus VivoBook 15 K513EQ Intel Core i5 1135G7 16GB RAM 512GB SSD 15.6 Inch FHD OLED Display Hearty Gold Laptop #K513EQ-L1667WN,Core i5,16GB,512GB SSD,15.6,"97,000 "
Asus VivoBook 15 K513EQ Intel Core i5 1135G7 16GB RAM 512GB SSD 15.6 Inch FHD OLED Display Indie Black Laptop,Core i5,16GB,512GB SSD,15.6,"97,000 "
Asus VivoBook S15 S513EQ Intel Core i5 1135G7 16GB DDR4 512GB SSD 15.6 Inch FHD OLED Display Indie Black Laptop,Core i7,16GB,512GB SSD,15.6,"97,000 "
"Asus VivoBook S15 S513EQ Intel Core i5 1135G7 16GB DDR4, 512GB SSD 15.6 Inch FHD OLED Display Hearty Gold Laptop",Core i7,16GB,512GB,15.6,"97,000 "
"MSI GF63 Thin 11SC Intel Core i7 11800H 16GB RAM, 512GB SSD 15.6 Inch FHD Display Black Gaming Laptop with MSI Essential Backpack",Core i5,16GB,512GB SSD,15.6,"97,000 "
"Acer TravelMate P214-54 Intel Core i7 1255U 8GB RAM, 512GB SSD 14 Inch FHD IPS Display Black Laptop",Core i7,8GB,512GB SSD,14,"98,000 "
Asus ExpertBook B3 Flip B3402FEA Intel Core i5 1135G7 8GB RAM 512GB SSD 14 Inch FHD Touch Display Star Black Laptop #LE1009 (Stylus Pen Included),Ryzen 5,8GB,512GB SSD,14,"100,000 "
Dell Inspiron 15 5510 Intel Core i7 11370H 8GB RAM 512GB SSD 15.6 Inch FHD Display Silver Laptop,Core i5,8GB,512GB SSD,15.6,"101,000 "
Asus ExpertBook L2 Flip L2402FYA AMD Ryzen 5 5625U 8GB RAM 512GB SSD 14 Inch FHD Touch Display Star Black Laptop,Core i5,8GB,512GB SSD,14,"103,000 "
"Asus VivoBook 15X K3504VA Intel Core i5 1335U 16GB RAM, 512GB SSD 15.6 Inch FHD WV Display Cool Silver Laptop",Core i7,16GB,512GB SSD,15.6,"106,500 "
"MSI Cyborg 15 A12UCX Intel Core i5 12450H 8GB RAM, 512GB SSD 15.6 Inch FHD Display Black Gaming Laptop with MSI Essential Backpack",Ryzen 5,8GB,512GB SSD,15.6,"107,000 "
"Asus VivoBook 15X K3504ZA Intel Core i7 1255U 16GB RAM, 512GB SSD 15.6 Inch FHD WV Display Cool Silver Laptop #K3504ZA-BQ075W",Ryzen 5,16GB,512GB SSD,15.6,"107,500 "
Asus VivoBook 16X OLED M1603QA AMD Ryzen 5 5600H 8GB RAM 512GB SSD 16 Inch 4K WQUXGA OLED Display Quiet Blue Laptop,Core i5,8GB,512GB SSD,16,"108,000 "
"Lenovo IdeaPad Slim 5 Light 14ABR8 AMD Ryzen 5 7530U 16GB RAM, 512GB SSD 14 Inch FHD IPS Anti-Glare Display Cloud Grey Laptop",Ryzen 7,16GB,512GB SSD,14,"108,000 "
MSI Commercial 14 H A13MG Intel Core i5 13420H 8GB RAM 1TB SSD 14 Inch FHD+ IPS Display Black Laptop with MSI Essential Backpack,Apple M1,8GB,1TB SSD,14,"108,000 "
"Lenovo IdeaPad Slim 5 Light 14ABR8 AMD Ryzen 7 7730U 16GB RAM, 512GB SSD 14 Inch FHD IPS Anti-Glare Display Cloud Grey Laptop",Apple M1,16GB,512GB SSD,14,"111,500 "
Apple MacBook Air Late 2020 Apple M1 Chip 8GB RAM 256GB SSD 13.3 Inch Retina Display Space Gray MacBook MacBook,Apple M1,8GB,256GB SSD,13.3,"112,000 "
Apple MacBook Air Late 2020 Apple M1 Chip 8GB RAM 256GB SSD 13.3 Inch Retina Display Silver MacBook,Core i7,8GB,256GB SSD,13.3,"112,000 "
Apple MacBook Air Late 2020 Apple M1 Chip 8GB RAM 256GB SSD 13.3 Inch Retina Display Touch ID Gold MacBook,Core i7,8GB,256GB SSD,13.3,"112,000 "
Asus VivoBook 15 X513EP Intel Core i7 1165G7 8GB RAM 512GB SSD 15.6 Inch FHD WV Display Cobalt Blue Laptop,Core i5,8GB,512GB SSD,15.6,"112,000 "
Asus VivoBook 15 X513EP Intel Core i7 1165G7 8GB RAM 512GB SSD 15.6 Inch FHD WV Display Bespoke Black Laptop,Core i7,8GB,512GB SSD,15.6,"112,000 "
Asus ExpertBook B5 Flip B5302FEA Intel Core i5 1135G7 8GB RAM 512GB SSD 13.3 Inch FHD OLED Touch Display Star Black Laptop (Stylus Pen Included),Core i5,8GB,512GB SSD,13.3,"113,000 "
Asus VivoBook Pro 15 K3500PA Intel Core i7 11370H 8GB RAM 512GB SSD 15.6 Inch FHD Display Quiet Blue Laptop,Core i7,8GB,512GB SSD,15.6,"113,500 "
"MSI Cyborg 15 A13UC Intel Core i5 13420H 16GB RAM, 512GB SSD 15.6 Inch FHD Display Black Gaming Laptop with MSI Essential Backpack",Ryzen 5,16GB,512GB SSD,15.6,"113,500 "
ASUS Vivobook 15 X1504VA Intel Core i7 1355U 16GB RAM 512GB SSD 15.6 Inch FHD Display Quiet Blue Laptop,Core i7,16GB,512GB SSD,15.6,"114,000 "
Lenovo Yoga 6 13ABR8 AMD Ryzen 5 7530U 16GB RAM 512GB SSD 13.3 Inch FHD+ WUXGA IPS Touch Display Dark Teal Laptop,Core i5,16GB,512GB SSD,13.3,"114,500 "
Asus VivoBook S15 S513EQ Intel Core i7 1165G7 8GB RAM 512GB SSD 15.6 Inch FHD OLED Display Hearty Gold Laptop,Core i5,8GB,512GB SSD,15.6,"115,500 "
"Asus TUF Gaming F15 FX507ZC4 Intel Core i5 12500H 8GB RAM, 512GB SSD 15.6 Inch FHD Display Mecha Gray Gaming Laptop",Core i5,8GB,512GB SSD,15.6,"115,900 "
Acer Nitro 5 AN515-58-59JP Intel Core i5 12450H 8GB RAM 512GB SSD 15.6 Inch FHD Display Obsidian Black Gaming Laptop,Core i7,8GB,512GB SSD,15.6,"117,000 "
"Lenovo IdeaPad FLEX 5i 14IAU7 Intel Core i5 1235U 16GB RAM, 512GB SSD 14 Inch FHD+ WUXGA IPS Touch Display Storm Grey Laptop",Core i7,16GB,512GB SSD,14,"118,000 "
"HP ProBook 440 G10 Intel Core i7 1355U 8GB RAM, 512GB SSD 14 Inch FHD Display Silver Laptop",Ryzen 5,8GB,512GB SSD,14,"118,500 "
"HP ProBook 450 G10 Intel Core i7 1355U 8GB RAM, 512GB SSD 15.6 Inch FHD IPS Display Silver Laptop",Core i5,8GB,512GB SSD,15.6,"118,500 "
"Lenovo IdeaPad Gaming 3 15ARH7 AMD Ryzen 5 7535HS 8GB RAM, 512GB SSD 15.6 Inch FHD Display Onyx Grey Gaming Laptop",Core i5,8GB,512GB SSD,15.6,"120,500 "
Lenovo IdeaPad Slim 5i Pro 16ITL-6 Intel Core i5 11300H 16GB DDR4 RAM 512GB SSD 16 Inch 2.5K WQXGA IPS Display Storm Grey Laptop,Core i5,16GB,512GB SSD,16,"121,000 "
Gigabyte Gaming G5 MF Intel Core i5 12500H 8GB RAM 512GB SSD 15.6 Inch FHD Display Matte Black Gaming Laptop,Core i5,8GB,512GB SSD,15.6,"124,000 "
"Microsoft Surface Laptop Go 3 Intel Core i5 1235U 8GB RAM, 256GB SSD 12.4 Inch PixelSense MultiTouch Display Sage Surface Go Laptop",Ryzen 7,8GB,256GB SSD,12.4,"124,000 "
"Asus VivoBook S 14 Flip TP3402VA Intel Core i5 1335U 16GB RAM, 512GB SSD 14 Inch WUXGA Touch Display Quiet Blue Laptop",Ryzen 5,16GB,512GB SSD,14,"124,000 "
Lenovo Yoga 6 13ABR8 AMD Ryzen 7 7730U 16GB RAM 512GB SSD 13.3 Inch FHD+ WUXGA IPS Touch Display Dark Teal Laptop,Core i5,16GB,512GB SSD,13.3,"125,500 "
"Lenovo IdeaPad Pro 5 16ARP8 AMD Ryzen 5 7535HS 16GB RAM, 512GB SSD 16 Inch 2.5K QHD WQXGA Display Arctic Grey Laptop",Core i7,16GB,512GB SSD,16,"125,500 "
MSI Cyborg 15 A12VE Intel Core i5 12450H 16GB RAM 512GB SSD 15.6 Inch FHD Display Black Gaming Laptop,Core i7,16GB,512GB SSD,15.6,"129,500 "
Asus TUF Gaming F15 FX506HE Intel Core i7 11800H 8GB RAM 512GB SSD 15.6 Inch FHD Display Graphite Black Gaming Laptop FX506HE-HN018W,Ryzen 7,8GB,512GB SSD,15.6,"129,900 "
"Asus VivoBook 15X OLED K3504VA Intel Core i7 1360P 16GB RAM, 512GB SSD 15.6 Inch FHD OLED Display Indie Black Laptop",Core i7,16GB,512GB SSD,15.6,"130,500 "
"Lenovo IdeaPad Pro 5 16ARP8 AMD Ryzen 7 7735HS 16GB RAM, 512GB SSD 16 Inch 2.5K QHD WQXGA Display Arctic Grey Laptop",Core i5,16GB,512GB SSD,16,"130,500 "
"Asus TUF Gaming F15 FX507ZC4 Intel Core i7 12700H 8GB RAM, 512GB SSD 15.6 Inch FHD Display Mecha Gray Gaming Laptop",Ryzen 5,8GB,512GB SSD,15.6,"131,900 "
Asus TUF Gaming F15 FX506HE Intel Core i5 11400H 8GB RAM 512GB SSD 15.6 Inch FHD Display Graphite Black Gaming Laptop,Core i5,8GB,512GB SSD,15.6,"133,500 "
Lenovo IdeaPad Gaming 3 15ARH7 AMD Ryzen 5 7535HS 8GB RAM 512GB SSD 15.6 Inch FHD Display Onyx Grey Gaming Laptop,Core i3,8GB,512GB SSD,15.6,"134,000 "
Gigabyte Gaming G5 KF Intel Core i5 12500H 8GB RAM 512GB SSD 15.6 Inch FHD Display Matte Black Gaming Laptop,Ryzen 7,8GB,512GB SSD,15.6,"135,000 "
Microsoft Surface Go 3 (Wi-Fi) Intel Core i3 10100Y 8GB RAM 128GB SSD 10.5 Inch PixelSense MultiTouch Display Black Surface Go (Type Cover is sold separately),Ryzen 7,8GB,128GB SSD,10.5,"138,000 (Estimated)"
Lenovo IdeaPad Gaming 3 15ARH7 AMD Ryzen 7 7735HS 16GB RAM 512GB SSD 15.6 Inch FHD Display Onyx Grey Gaming Laptop,Core i7,16GB,512GB SSD,15.6,"139,000 "
Asus VivoBook Pro 15 M3500QC AMD Ryzen 7 5800H 16GB RAM 512GB SSD 15.6 Inch FHD Display Quiet Blue Laptop,Ryzen 7,16GB,512GB SSD,15.6,"139,500 "
"Lenovo IdeaPad Slim 5i 16IRL8 Intel Core i7 13700H 16GB RAM, 512GB SSD 16 Inch FHD+ WUXGA Display Cloud Grey Laptop",Ryzen 7,16GB,512GB,16,"140,000 "
Asus TUF Gaming A15 FA507RE AMD Ryzen 7 6800H 16GB RAM 512GB SSD 15.6 Inch FHD Display Mecha Gray (TUF) Gaming Laptop,Core i5,16GB,512GB SSD,15.6,"142,900 153,900 "
Asus TUF Gaming A15 FA507RE AMD Ryzen 7 6800H 16GB RAM 512GB SSD 15.6 Inch FHD Display Jaeger Gray (TUF) Gaming Laptop,Ryzen 7,16GB,512GB SSD,15.6,"142,900 153,900 "
Microsoft Surface Laptop 4 Intel Core i5 1135G7 16GB RAM 512GB SSD 13.5 Inch Pixelsense Multi Touch Display Ice Blue Alcantara Surface Laptop,Core i5,16GB,512GB SSD,13.5,"144,000 "
Asus VivoBook Pro 15 M3500QC AMD Ryzen 7 5800H 16GB RAM 512GB SSD 15.6 Inch FHD OLED Display Quiet Blue Laptop #L1373W-M3500QC,Core i5,16GB,512GB SSD,15.6,"144,500 "
Gigabyte AORUS 15 9MF Intel Core i5 12500H 8GB RAM 512GB SSD 15.6 Inch FHD Display Matte Black Gaming Laptop,Core i5,8GB,512GB SSD,15.6,"146,000 "
Asus VivoBook 16X OLED K3605ZF Intel Core i5 12450H 16GB RAM 512GB SSD 16 Inch 3.2K OLED Display Indie Black Laptop,Apple M2,16GB,512GB SSD,16,"148,000 "
"Lenovo LOQ Gaming 15IRH8 Intel Core i5 13420H 16GB RAM, 512GB SSD 15.6 Inch FHD IPS Display Storm Grey Gaming Laptop",Core i5,16GB,512GB SSD,15.6,"148,000 "
Apple MacBook Air (2022) Apple M2 Chip 8GB RAM 256GB SSD 13.6 Inch Liquid Retina Display Space Gray MacBook,Core i7,8GB,256GB SSD,13.6,"149,000 (Estimated)"
"Microsoft Surface Laptop 5 Intel Core i5 1235U 8GB RAM, 512GB SSD 13.5 Inch Pixelsense Multi Touch Display Matte Black Metal Surface Laptop #R1S-00026",Ryzen 9,8GB,512GB SSD,13.5,"149,000 "
"Lenovo IdeaPad FLEX 5i 14IAU7 Intel Core i7 1255U 16GB RAM, 512GB SSD 14 Inch FHD+ WUXGA IPS Touch Display Storm Grey Laptop",Core i5,16GB,512GB SSD,14,"150,000 "
Asus VivoBook Pro 15 M3500QC AMD Ryzen 9 5900HX 16GB RAM 512GB SSD 15.6 Inch FHD WV Display Quiet Blue Laptop,Ryzen 7,16GB,512GB SSD,15.6,"154,000 "
Microsoft Surface Laptop 5 Intel Core i5 1235U 8GB RAM 512GB SSD 13.5 Inch Pixelsense Multi Touch Display Platinum Alcantara Surface Laptop,Core i7,8GB,512GB SSD,13.5,"154,000 "
Asus TUF Gaming A15 FA506QM AMD Ryzen 7 5800H 16GB RAM 512GB SSD 15.6 Inch FHD Display Graphite Black (TUF) Gaming Laptop,Core i5,16GB,512GB SSD,15.6,"154,000 170,900 "
Lenovo IdeaPad Slim 5i 15IAL7 Intel Core i7 1255U 16GB RAM 512GB SSD 15.6 Inch FHD IPS Antiglare Display Storm Grey Laptop,Core i7,16GB,512GB SSD,15.6,"155,000 "
"Acer Predator Helios Neo 16 PHN16-71-59XW Intel Core i5 13500HX 16GBRAM, 512GB SSD 16 Inch WUXGA Display Obsidian Black Gaming Laptop",Core i7,16GB,512GB SSD,16,"156,000 "
Asus ZenBook 14X OLED UX5401EA Intel Core i7 1165G7 16GB RAM 512GB SSD 14 Inch 2.8K OLED WQHD Touch Display Pine Grey Laptop,Core i5,16GB,512GB SSD,14,"157,000 "
MSI Katana 15 B13VEK Intel Core i7 13620H 16GB RAM 1TB SSD 15.6 Inch FHD Display Black Gaming Laptop,Ryzen 7,16GB,1TB SSD,15.6,"157,500 "
Asus TUF Dash F15 FX517ZE Intel Core i5 12450H 16GB RAM 512GB SSD 15.6 Inch FHD Display OFF-Black Gaming Laptop,Core i5,16GB,512GB SSD,15.6,"159,000 "
Lenovo IdeaPad Gaming 3 15ARH7 AMD Ryzen 7 7735HS 16GB RAM 512GB SSD 15.6 Inch FHD Display Onyx Grey Gaming Laptop #82SB00PKIN-2Y,Core i7,16GB,512GB SSD,15.6,"159,000 "
Asus Zenbook 14 Flip OLED UP3404VA Intel Core i5 1340P 16GB RAM 512GB SSD 14 Inch 2.8K OLED WQHD Touch Display Foggy Silver Laptop,Ryzen 7,16GB,512GB SSD,14,"159,000 "
"Lenovo IdeaPad FLEX 5i 14IRU8 Intel Core i7 1355U 16GB RAM, 512GB SSD 14 Inch FHD+ WUXGA IPS Touch Display Arctic Grey Laptop",Apple M2,16GB,512GB SSD,14,"160,000 "
Asus TUF Gaming A15 FA507RM AMD Ryzen 7 6800H 16GB RAM 512GB SSD 15.6 Inch FHD Display Jaeger Gray (TUF) Gaming Laptop,Apple M2,16GB,512GB SSD,15.6,"162,900 181,900 "
Apple MacBook Pro (2022) Apple M2 Chip 8GB RAM 256GB SSD 13.3 Inch Retina Display Space Gray Laptop,Core i7,8GB,256GB SSD,13.3,"163,000 (Estimated)"
Apple MacBook Pro (2022) Apple M2 Chip 8GB RAM 256GB SSD 13.3 Inch Retina Display Silver Laptop,Core i7,8GB,256GB SSD,13.3,"163,000 (Estimated)"
Lenovo IdeaPad Gaming 3i 16IAH7 Intel Core i7 12650H 16GB RAM 512GB SSD 16 Inch FHD+ WUXGA Display Onyx Grey Gaming Laptop,Core i7,16GB,512GB SSD,16,"165,000 "
Lenovo Yoga Slim 6i 14IRH8 Intel Core i7 13700H 16GB RAM 512GB SSD 14 Inch FHD+ WUXGA OLED Display Storm Grey Laptop,Core i5,16GB,512GB SSD,14,"165,000 "
"MSI Katana 15 B13VFK Intel Core i7 13620H 16GB RAM, 1TB SSD 15.6 Inch FHD Display Black Gaming Laptop with MSI Essential Backpack",Apple M2,16GB,1TB SSD,15.6,"167,500 "
Microsoft Surface Laptop 5 Intel Core i5 1245U 16GB RAM 512GB SSD 13.5 Inch Pixelsense Multi Touch Display Matte Black Metal Surface Laptop,Apple M2,16GB,512GB SSD,13.5,"168,000 "
Apple MacBook Air (2023) Apple M2 Chip 8GB RAM 256GB SSD 15.3 Inch Liquid Retina Display Silver MacBook,Apple M2,8GB,256GB SSD,15.3,"169,000 "
Apple MacBook Air (2023) Apple M2 Chip 8GB RAM 256GB SSD 15.3 Inch Liquid Retina Display Midnight MacBook,Ryzen 7,8GB,256GB SSD,15.3,"169,000 (Estimated)"
Apple MacBook Air (2023) Apple M2 Chip 8GB RAM 256GB SSD 15.3 Inch Liquid Retina Display Starlight MacBook,Core i7,8GB,256GB SSD,15.3,"169,000 "
Asus VivoBook Pro 16X M7600QE AMD Ryzen 7 5800H 16GB RAM 512GB SSD 16 Inch 4K WQUXGA OLED Display 0 Degree Black Laptop,Core i7,16GB,512GB SSD,16,"174,000 "
Asus ZenBook Duo UX482EA Intel Core i7 1165G7 16GB RAM 512GB SSD 14 Inch FHD Touch Display Celestial Blue Laptop,Core i7,16GB,512GB SSD,14,"174,000 "
"Lenovo IdeaPad Pro 5i 16IRH8 Intel Core i7 13700H 16GB RAM, 512GB SSD 16 Inch 2.5K QHD WQXGA IPS Display Arctic Grey Laptop",Core i7,16GB,512GB SSD,16,"175,000 "
Lenovo Yoga Pro 7i 14IRH8 Intel Core i7 13700H 16GB RAM 512GB SSD 14.5 Inch 2.5K QHD WQXGA IPS Display Tidal Teal Laptop,Core i7,16GB,512GB SSD,14.5,"175,000 "
Acer Predator Helios Neo 16 PHN16-71-757P Intel Core i7 13700HX 16GB RAM 1TB SSD 16 Inch FHD+ WUXGA Display Obsidian Black Gaming Laptop,Ryzen 9,16GB,1TB SSD,16,"176,500 "
"Microsoft Surface Laptop 5 Intel Core i7 1255U 8GB RAM, 512GB SSD 15 Inch Pixelsense Multi Touch Display Platinum Metal Surface Laptop",Core i7,8GB,512GB SSD,15,"178,000 "
Asus TUF Gaming A15 FA507XV AMD Ryzen 9 7940HS 8GB RAM 512GB SSD 15.6 Inch 2K WQHD Display Jaeger Gray Gaming Laptop,Apple M2,8GB,512GB,15.6,"179,900 "
"Lenovo LOQ Gaming 15IRH8 Intel Core i7 13620H 16GB RAM, 512GB SSD 15.6 Inch FHD IPS Display Storm Grey Gaming Laptop",Core i7,16GB,512GB SSD,15.6,"180,000 "
Apple MacBook Pro (2022) Apple M2 Chip 8GB RAM 512GB SSD 13.3 Inch Retina Display Space Gray Laptop #MNEJ3LL/A / MNEJ3ZP/A,Apple M2,8GB,512GB SSD,13.3,"182,000 (Estimated)"
HP Envy 15-ep1890TX Intel Core i7 11800H 16GB RAM 1TB SSD 15.6 Inch FHD Touch Display Silver Laptop,Apple M2,16GB,1TB SSD,15.6,"185,000 "
Apple MacBook Air (2022) Apple M2 Chip 8GB RAM 512GB SSD 13.6 Inch Liquid Retina Display Space Gray MacBook #MLXX3LL/A / MLXX3ZP/A,Core i7,8GB,512GB SSD,13.6,"185,000 "
Apple MacBook Air (2022) Apple M2 Chip 8GB RAM 512GB SSD 13.6 Inch Liquid Retina Display Midnight MacBook #MLY43LL/A / MLY43ZP/A,Ryzen 7,8GB,512GB SSD,13.6,"185,000 (Estimated)"
Asus ZenBook Duo UX482EG Intel Core i7 1165G7 16GB RAM 512GB SSD 14 Inch FHD WV Touch Display Celestial Blue Laptop,Core i5,16GB,512GB SSD,14,"185,500 "
Asus ROG Strix G17 G713RM AMD Ryzen 7 6800H 16GB RAM 512GB SSD 17.3 Inch FHD Display Eclipse Gray Gaming Laptop,Ryzen 7,16GB,512GB SSD,17.3,"185,900 222,000 "
Asus TUF Dash F15 FX517ZM Intel Core i5 12450H 16GB RAM 512GB SSD 15.6 Inch FHD Display OFF-Black Gaming Laptop,Apple M2,16GB,512GB SSD,15.6,"186,000 "
"Lenovo Yoga Pro 7 14ARP8 AMD Ryzen 7 7735HS 16GB RAM, 512GB SSD 14.5 Inch 3K Display Tidal Teal Laptop",Core i7,16GB,512GB SSD,14.5,"187,000 "
Apple MacBook Air (2022) Apple M2 Chip 16GB RAM 256GB SSD 13.6 Inch Liquid Retina Display Starlight MacBook,Core i7,16GB,256GB SSD,13.6,"187,500 (Estimated)"
Asus ZenBook S 13 OLED UX5304VA Intel Core i7 1355U 16GB RAM 1TB SSD 13.3 Inch 2.8K OLED WQHD Display Ponder Blue Laptop,Core i7,16GB,1TB SSD,13.3,"189,900 "
Lenovo LOQ Gaming 15IRH8 Intel Core i7 13620H 16GB RAM 512GB SSD 15.6 Inch FHD Display torm Grey Gaming Laptop,Core i7,16GB,512GB SSD,15.6,"190,000 "
"Asus Zenbook 14 Flip OLED UP3404VA Intel Core i7 1360P 16GB RAM, 512GB SSD 14 Inch 2.8K OLED WQHD Touch Display Foggy Silver Laptop",Core i7,16GB,512GB SSD,14,"195,000 "
Microsoft Surface Laptop 5 Intel Core i7 1255U 16GB RAM 512GB SSD 13.5 Inch Pixelsense Multi Touch Display Platinum Metal Surface Laptop,Core i7,16GB,512GB SSD,13.5,"198,000 "
Microsoft Surface Laptop 5 Intel Core i7 1255U 16GB RAM 512GB SSD 13.5 Inch Pixelsense Multi Touch Display Sandstone Metal Surface Laptop,Apple M2,16GB,512GB SSD,13.5,"198,000 "
Asus ZenBook S 13 OLED UX5304VA Intel Core i7 1355U 16GB RAM 1TB SSD 13.3 Inch 3K OLED WQHD Display Basalt Grey Laptop,Apple M2,16GB,1TB SSD,13.3,"199,990 "
Apple MacBook Air (2023) Apple M2 Chip 8GB RAM 512GB SSD 15.3 Inch Liquid Retina Display Space Gray MacBook,Apple M2,8GB,512GB SSD,15.3,"205,000 (Estimated)"
Apple MacBook Air (2023) Apple M2 Chip 8GB RAM 512GB SSD 15.3 Inch Liquid Retina Display Silver MacBook,Ryzen 7,8GB,512GB SSD,15.3,"205,000 (Estimated)"
"Apple MacBook Air (2023) Apple M2 Chip 8GB RAM 512GB SSD 15.3 Inch Liquid Retina Display Midnight MacBook #MQKX3LL/A, MQKX3ZP/A, MQKX3PA/A",Core i7,8GB,512GB SSD,15.3,"205,000 (Estimated)"
"Lenovo Legion Slim 5 16APH8 AMD Ryzen 7 7840HS 16GB RAM, 512GB SSD 16 Inch 2.5K QHD WQXGA Display Storm Grey Gaming Laptop",Core i7,16GB,512GB SSD,16,"212,000 "
Microsoft Surface Laptop 4 Intel Core i7 1185G7 32GB RAM 1TB SSD 13.5 Inch Pixelsense Multi Touch Display Matte Black Metal Surface Laptop #5GB-00021,Apple M3,32GB,1TB SSD,13.5,"215,000 "
Acer Predator Helios 16 PH16-71-70L4 Intel Core i7 13700HX 16GB RAM 1TB SSD 16 Inch 2.5K QHD+ WQXGA Display Abyssal Black Gaming Laptop,Apple M3,16GB,1TB SSD,16,"215,000 "
"Apple MacBook Pro (Late 2023) Apple M3 8GB RAM, 512GB SSD 14.2 Inch Liquid Retina XDR Display Silver Laptop",Core i7,8GB,512GB SSD,14.2,"228,000 "
"Apple MacBook Pro (Late 2023) Apple M3 8GB RAM, 512GB SSD 14.2 Inch Liquid Retina XDR Display Space Gray Laptop",Core i7,8GB,512GB SSD,14.2,"228,000 (Estimated)"
Lenovo Legion 5i 15IAH7H Intel Core i7 12700H 16GB RAM 1TB SSD 15.6 Inch FHD Display Storm Grey Gaming Laptop,Core i7,16GB,1TB SSD,15.6,"248,000 "
Lenovo Legion 5i Pro 16IAH7H Intel Core i7 12700H 16GB RAM 1TB SSD 16 Inch 2.5K QHD WQXGA Display Storm Grey Gaming Laptop,Core i7,16GB,1TB SSD,16,"255,000 "
Lenovo Legion Slim 7i 16IAH7 Intel Core i7 12700H 16GB RAM 1TB SSD 16 Inch 2.5K QHD WQXGA Display Onyx Grey Gaming Laptop,Apple M2,16GB,1TB SSD,16,"255,000 "
Lenovo Legion Slim 7i 16IAH7 Intel Core i7 12700H 16GB RAM 1TB SSD 16 Inch 2.5K QHD WQXGA Display Onyx Grey Gaming Laptop #82TF005UIN-2Y,Apple M2,16GB,1TB SSD,16,"259,000 "
Apple MacBook Air (2022) Apple M2 Chip 24GB RAM 512GB SSD 13.6 Inch Liquid Retina Display Midnight MacBook,Apple M2,24GB,512GB SSD,13.6,"265,000 (Estimated)"
Apple MacBook Air (2023) Apple M2 Chip 16GB RAM 512GB SSD 15.3 Inch Liquid Retina Display Midnight MacBook,Apple M2,16GB,512GB SSD,15.3,"265,000 (Estimated)"
Apple MacBook Air (2023) Apple M2 Chip 16GB RAM 512GB SSD 15.3 Inch Liquid Retina Display Space Gray MacBook #Z18L000PR,Core i7,16GB,512GB SSD,15.3,"265,000 (Estimated)"
Apple MacBook Air (2022) Apple M2 Chip 24GB RAM 1TB SSD 13.6 Inch Liquid Retina Display Midnight MacBook,Apple M3,24GB,1TB SSD,13.6,"265,000 (Estimated)"
"Lenovo Yoga 9i 14IRP8 Intel Core i7 1360P 16GB RAM, 1TB SSD 14 Inch 2.8K OLED WQHD Touch Display Oatmeal Laptop",Apple M3,16GB,1TB SSD,14,"268,000 "
"Apple MacBook Pro (Late 2023) Apple M3 8GB RAM, 1TB SSD 14.2 Inch Liquid Retina XDR Display Space Gray Laptop",Core i7,8GB,1TB SSD,14.2,"270,000 "
"Apple MacBook Pro (Late 2023) Apple M3 8GB RAM, 1TB SSD 14.2 Inch Liquid Retina XDR Display Silver Laptop",Core i7,8GB,1TB SSD,14.2,"270,000 "
Lenovo Legion Slim 7i 16IRH8 Intel Core i7 13700H 16GB RAM 1TB SSD 16 Inch 3.2K Display Storm Grey Gaming Laptop,Core i7,16GB,1TB,16,"273,000 "
Lenovo Legion Pro 5i 16IRX8 Intel Core i7 13700HX 16GB RAM 1TB SSD 16 Inch 2.5K QHD WQXGA Display Onyx Grey Gaming Laptop,Ryzen 7,16GB,1TB,16,"273,000 "
Acer Predator Helios 16 PH16-71-74MN Intel Core i7 13700HX 32GB RAM 1TB SSD 16 Inch QHD+ WQXGA Display Abyssal Black Gaming Laptop,Apple M3,32GB,1TB SSD,16,"274,900 "
Asus ProArt StudioBook 16 H5600QM AMD Ryzen 7 5800H 16GB RAM 1TB SSD 16 Inch 4K WQUXGA OLED Display Star Black Laptop,Apple M3,16GB,1TB SSD,16,"275,000 "
"Apple MacBook Pro (Late 2023) Apple M3 Pro 18GB RAM, 512GB SSD 14.2 Inch Liquid Retina XDR Display Space Black Laptop",Apple M2,18GB,512GB SSD,14.2,"285,000 (Estimated)"
"Apple MacBook Pro (Late 2023) Apple M3 Pro 18GB RAM, 512GB SSD 14.2 Inch Liquid Retina XDR Display Silver Laptop",Core i7,18GB,512GB SSD,14.2,"285,000 (Estimated)"
"Apple MacBook Air (2023) Apple M2 16GB RAM, 512GB SSD 15.3 Inch Liquid Retina Display Silver Laptop",Core i7,16GB,512GB SSD,15.3,"285,000 "
Lenovo Legion Pro 5i 16IRX8 Intel Core i7 13700HX 32GB RAM 1TB SSD 16 Inch 2.5K QHD WQXGA Display Onyx Grey Gaming Laptop,Apple M3,32GB,1TB,16,"288,000 "
Microsoft Surface Laptop Studio Intel Core i7 11370H 32GB RAM 1TB SSD 14.4 Inch Pixelsense Flow Multi Touch Display Platinum Surface Laptop #ABY-00001,Apple M1,32GB,1TB SSD,14.4,"289,000 "
"Apple MacBook Pro (Late 2023) Apple M3 16GB RAM, 512GB SSD 14.2 Inch Liquid Retina XDR Display Space Gray Laptop",Ryzen 9,16GB,512GB SSD,14.2,"295,000 (Estimated)"
Apple MacBook Pro (Late 2021) Apple M1 Pro (10-Core) Chip 32GB RAM 1TB SSD 14.2 Inch Liquid Retina XDR Display Space Gray Laptop,Core i9,32GB,1TB SSD,14.2,"299,000 "
Asus ProArt StudioBook 16 H5600QM AMD Ryzen 9 5900HX 32GB RAM 1TB SSD 16 Inch 4K WQUXGA OLED Display Star Black Laptop,Apple M2,32GB,1TB SSD,16,"302,000 "
"Asus ZenBook Pro 14 OLED UX6404VV Intel Core i9 13900H 16GB RAM, 1TB SSD 14.5 Inch 2.8K OLED WQHD Touch Display Tech Black Laptop",Apple M2,16GB,1TB SSD,14.5,"305,000 "
Apple MacBook Pro (2023) Apple M2 Pro Chip 16GB RAM 1TB SSD 14.2 Inch Liquid Retina XDR Display Space Gray Laptop,Apple M2,16GB,1TB SSD,14.2,"315,000 (Estimated)"
Apple MacBook Pro (2023) Apple M2 Pro Chip 16GB RAM 1TB SSD 14.2 Inch Liquid Retina XDR Display Silver Laptop,Ryzen 9,16GB,1TB SSD,14.2,"315,000 "
Apple MacBook Air (2022) Apple M2 Chip 24GB RAM 2TB SSD 13.6 Inch Liquid Retina Display Midnight MacBook,Apple M2,24GB,2TB SSD,13.6,"325,000 (Estimated)"
Asus ProArt StudioBook 16 H5600QR AMD Ryzen 9 5900HX 32GB RAM 1TB SSD 16 Inch 4K WQUXGA OLED Display Star Black Laptop,Core i9,32GB,1TB SSD,16,"333,000 "
Apple MacBook Pro (2023) Apple M2 Pro Chip 16GB RAM 512GB SSD 16.2 Inch Liquid Retina XDR Display Silver Laptop,Apple M2,16GB,512GB SSD,16.2,"335,000 (Estimated)"
Lenovo Legion 7i Gaming 16IAX7 Intel Core i9 12900HX 32GB RAM 1TB SSD 16 Inch 2.5K QHD WQXGA IPS Anti-Glare Display Storm Grey-Black Gaming Laptop,Apple M1,32GB,1TB SSD,16,"338,000 "
Apple MacBook Pro (2023) Apple M2 Pro Chip 16GB RAM 512GB SSD 16.2 Inch Liquid Retina XDR Display Space Gray Laptop,Apple M3,16GB,512GB SSD,16.2,"340,000 (Estimated)"
Apple MacBook Pro (Late 2021) Apple M1 Max (10-Core) Chip 32GB RAM 1TB SSD 16.2 Inch Liquid Retina XDR Display Silver Laptop,Apple M3,32GB,1TB SSD,16.2,"350,000 (Estimated)"
"Apple MacBook Pro (Late 2023) Apple M3 Pro 18GB RAM, 1TB SSD 14.2 Inch Liquid Retina XDR Display Space Black Laptop",Apple M3,18GB,1TB SSD,14.2,"352,000 "
"Apple MacBook Pro (Late 2023) Apple M3 Pro 18GB RAM, 1TB SSD 14.2 Inch Liquid Retina XDR Display Silver Laptop",Apple M3,18GB,1TB SSD,14.2,"352,000 (Estimated)"
"Apple Macbook Pro (Late 2023) Apple M3 Pro 18GB RAM, 512GB SSD 16.2 Inch Liquid Retina XDR Display Space Black Laptop",Core i7,18GB,512GB SSD,16.2,"380,000 (Estimated)"
"Apple Macbook Pro (Late 2023) Apple M3 Pro 18GB RAM, 512GB SSD 16.2 Inch Liquid Retina XDR Display Silver Laptop",Apple M2,18GB,512GB SSD,16.2,"380,000 (Estimated)"
Microsoft Surface Laptop Studio Intel Core i7 11370H 32GB RAM 2TB SSD 14.4 Inch Pixelsense Flow Multi Touch Display Platinum Surface Laptop #AI2-00001,Apple M2,32GB,2TB SSD,14.4,"395,000 (Estimated)"
Apple MacBook Pro (2023) Apple M2 Max Chip 32GB RAM 1TB SSD 14.2 Inch Liquid Retina XDR Display Space Gray Laptop,Apple M3,32GB,1TB SSD,14.2,"396,000 "
Apple MacBook Pro (2023) Apple M2 Max Chip 32GB RAM 1TB SSD 14.2 Inch Liquid Retina XDR Display Silver Laptop,Apple M3,32GB,1TB SSD,14.2,"396,000 (Estimated)"
"Apple Macbook Pro (Late 2023) Apple M3 Pro 36GB RAM, 512GB SSD 16.2 Inch Liquid Retina XDR Display Space Black Laptop",Apple M3,36GB,512GB SSD,16.2,"399,000 (Estimated)"
"Apple Macbook Pro (Late 2023) Apple M3 Pro 36GB RAM, 1TB SSD 16.2 Inch Liquid Retina XDR Display Silver Laptop",Apple M3,36GB,1TB SSD,16.2,"415,000 (Estimated)"
"Apple MacBook Pro (Late 2023) Apple M3 Max 36GB RAM, 1TB SSD 14.2 Inch Liquid Retina XDR Display Space Black Laptop #Z1AV001HY",Apple M3,36GB,1TB SSD,14.2,"415,000 "
"Apple Macbook Pro (Late 2023) Apple M3 Pro 36GB, 512GB SSD 16.2 Inch Liquid Retina XDR Display Silver Laptop",Apple M3,36GB,512GB SSD,16.2,"445,000 (Estimated)"
"Apple Macbook Pro (Late 2023) Apple M3 Max 36GB RAM, 1TB SSD 16.2 Inch Liquid Retina XDR Display Silver Laptop",Apple M3,36GB,512GB SSD,16.2,"445,000 (Estimated)"
"Apple Macbook Pro (Late 2023) Apple M3 Pro 36GB RAM, 1TB SSD 16.2 Inch Liquid Retina XDR Display Space Black Laptop",Apple M3,36GB,1TB SSD,16.2,"450,000 (Estimated)"
"Apple MacBook Pro (Late 2023) Apple M3 Max 36GB RAM, 1TB SSD 14.2 Inch Liquid Retina XDR Display Space Black Laptop",Apple M3,36GB,1TB SSD,14.2,"450,000 (Estimated)"
"Apple MacBook Pro (Late 2023) Apple M3 Max 36GB RAM, 1TB SSD 14.2 Inch Liquid Retina XDR Display Silver Laptop",Apple M2,36GB,1TB SSD,14.2,"450,000 (Estimated)"
"Apple Macbook Pro (Late 2023) Apple M3 Max 36GB, 1TB SSD 16.2 Inch Liquid Retina XDR Display Space Black Laptop",Apple M1,36GB,1TB SSD,16.2,"460,000 (Estimated)"
Apple MacBook Pro (2023) Apple M2 Max Chip 32GB RAM 1TB SSD 16.2 Inch Liquid Retina XDR Display Space Gray Laptop,Apple M2,32GB,1TB SSD,16.2,"465,000 "
Apple MacBook Pro (Late 2021) Apple M1 Max Chip 64GB RAM 4TB SSD 16.2 Inch Liquid Retina XDR Display Space Gray Laptop #MK233LL/A,Apple M3,64GB,4TB SSD,16.2,"479,000 "
Apple Macbook Pro (Early 2023) Apple M2 Max Chip 32GB RAM 2TB SSD 16.2 Inch Liquid Retina XDR Display Space Gray Laptop,Apple M3,32GB,2TB SSD,16.2,"495,000 (Estimated)"
"Apple Macbook Pro (Late 2023) Apple M3 Max 48GB RAM, 1TB SSD 16.2 Inch Liquid Retina XDR Display Silver Laptop",Apple M3,48GB,1TB SSD,16.2,"538,000 (Estimated)"
"Apple Macbook Pro (Late 2023) Apple M3 Max 48GB RAM, 1TB SSD 16.2 Inch Liquid Retina XDR Display Space Black Laptop",Apple M3,48GB,1TB SSD,16.2,"540,000 (Estimated)"
